Navn,Fodselar,Postnummer,Postaddressen,Epost,Fodselsnummer,Inntekt,Formue
"Booker, Vernon E.",1934,69207,Ap #618-9302 Morbi Av.,ante@semperNam.net,C79D1004-A72D-1817-20B2-D0F69E787953,"11,889Kr","83,697Kr"
"Collier, Tashya Y.",1995,14666,"P.O. Box 598, 1908 In Ave",magna@luctussitamet.org,F6D8551C-F600-5125-3AFD-47860BB9A20A,"43,286Kr","1,936Kr"
"Hines, Blythe N.",1922,27177,3810 Auctor. St.,Aliquam.vulputate@Mauris.co.uk,4E8BE468-F899-27C1-B0DE-CA1D874A7B9B,"41,214Kr","4,991Kr"
"Jordan, Kevin G.",1936,80335,"P.O. Box 669, 6523 Integer Rd.",sit.amet.ultricies@malesuadavel.org,2B4A2849-4D5D-FC55-96AF-F88022CDB64D,"90,169Kr","09,171Kr"
"Ayers, Sarah O.",1908,78362,5651 In Rd.,est.ac.facilisis@nequevenenatislacus.ca,E31E64A3-F18D-2146-2148-B8B584413FB1,"33,045Kr","68,810Kr"
"Tate, Kiayada L.",1913,78173,323-3943 Feugiat Avenue,eget.volutpat@Aliquamultricesiaculis.edu,3C5B1AD4-A96C-6658-12AE-89DED482F932,"72,672Kr","07,008Kr"
"Landry, Kylie I.",1920,77831,Ap #112-2538 Penatibus Ave,mauris.sit@magnaDuisdignissim.net,86A5B28A-CBC2-4B97-755C-6F7FFB93A2E2,"43,436Kr","27,377Kr"
"Hernandez, Wynne J.",1969,09487,281-5918 Bibendum St.,natoque.penatibus.et@metusAeneansed.co.uk,E2EED817-B095-92A4-39C0-561C9AB19508,"79,924Kr","50,048Kr"
"Finley, Ina S.",1947,58254,Ap #254-3741 Sed St.,facilisis.lorem.tristique@magna.edu,8DE18A32-03A8-31DB-9AE1-262B9875A473,"52,725Kr","67,739Kr"
"Baxter, Janna O.",1907,48075,Ap #506-6409 Dictum Avenue,massa@iaculisenim.com,F7F907FB-B7EE-E29F-A706-FA591FC37177,"49,222Kr","96,845Kr"
"Alvarado, Shad K.",1989,02641,241-2904 Enim Street,facilisis.facilisis.magna@rutrum.ca,FA20AE32-FB98-2A11-A5C1-757C8BB201BF,"83,514Kr","46,749Kr"
"Griffith, Chaney Z.",1972,25791,3361 Lobortis. St.,varius@egetmetus.ca,17FDFB91-BADB-6ACC-6052-F7623C6A6838,"87,637Kr","38,504Kr"
"Pruitt, Heather Z.",1985,90669,Ap #212-8523 Vivamus St.,lorem@sem.edu,994D5B7C-3B43-DA2C-9463-3C4CE1C04F2E,"79,037Kr","64,182Kr"
"Macias, Nero C.",1907,27290,Ap #701-5529 Rutrum Av.,ipsum@maurisSuspendissealiquet.edu,BBE9DBA2-BC05-2C43-008F-10BBB4FA37CF,"15,303Kr","73,185Kr"
"Roman, Tana G.",1941,12192,"P.O. Box 798, 3423 Nibh St.",Sed@Aeneanegetmetus.co.uk,EDA92A35-1055-BD62-0A4F-FC1186354443,"27,206Kr","32,461Kr"
"Rose, Ariel X.",1949,06609,"4122 Vitae, Ave",egestas.blandit.Nam@libero.co.uk,0EF2765D-AA1D-CFA0-8AA2-B9176854981A,"06,143Kr","73,740Kr"
"Olsen, Price L.",1942,17178,6455 Euismod Rd.,volutpat.Nulla@in.ca,0CA732D7-C597-CA3B-1673-252A3D392712,"02,510Kr","01,503Kr"
"Cole, Jocelyn F.",1990,59784,"P.O. Box 480, 3587 At Rd.",Quisque@Phasellusdolorelit.co.uk,29A66EF9-51C9-D70C-FE7D-6A791DCEA3DC,"93,184Kr","57,312Kr"
"Warren, Kameko K.",1934,17625,2823 Id St.,lobortis.quis.pede@montes.net,A03310FF-B2D8-F5B3-BD06-09A18EF8144C,"33,262Kr","81,708Kr"
"Copeland, Shelby X.",1953,93212,Ap #497-3350 Tempus St.,egestas@iaculisquis.org,E47726F4-B40F-CF55-EB90-F528C7C0D76B,"18,496Kr","92,469Kr"
"Rivera, Marsden T.",1925,12942,372-5440 Lacus. St.,lobortis@Sed.edu,7593D54A-DA68-896C-CAC3-EB62FF501818,"53,556Kr","92,940Kr"
"Clark, Judith P.",1901,03877,"819-789 Quis, Street",nunc@eratvolutpatNulla.com,8C78CC8D-4A63-42E4-351F-174745AB200A,"56,058Kr","96,826Kr"
"Suarez, Alika A.",1925,74538,"P.O. Box 711, 9199 Vitae Rd.",laoreet@Pellentesque.edu,889DD380-39A1-1DA5-92EE-FB8057558970,"30,807Kr","99,412Kr"
"Mcgee, Venus P.",1923,40406,Ap #297-4873 Blandit St.,dignissim@quamelementum.org,19671BD9-54A8-5889-F810-391CD9D20E81,"18,707Kr","53,314Kr"
"Roberts, Brenna D.",1964,41078,158-6306 Luctus. St.,facilisis.facilisis@felisullamcorperviverra.net,47921751-5D3D-CC77-3A8F-700D1A3B598A,"37,031Kr","80,630Kr"
"Fry, Emmanuel V.",1954,12994,324-2308 A Ave,mollis.lectus@duiFuscealiquam.org,C73E2797-0211-4E4D-F8CF-F8B3CEBBA316,"39,539Kr","67,689Kr"
"Frye, Flavia K.",1973,92803,280-1531 Porttitor Street,ac@ametloremsemper.net,7EE4D9F7-D0E7-5341-29E3-FD830A7C9A60,"13,736Kr","79,319Kr"
"Hopper, Denise J.",1990,28738,"P.O. Box 613, 7747 Aptent Ave",turpis@magnaPhasellusdolor.edu,8F599C52-7C30-1861-D5D2-21D3A96C4DED,"89,016Kr","2,959Kr"
"Tate, Ronan Z.",1905,85567,"974-7922 Nec, Ave",ornare@Morbisit.org,B2A5B020-E1DA-5406-19EB-576B63DBD228,"89,750Kr","17,219Kr"
"Ellison, Hedy L.",1983,09718,"P.O. Box 493, 8990 Urna Rd.",tincidunt@nonleoVivamus.org,461B9E66-09F5-6D44-E401-2794E78E4748,"60,770Kr","71,860Kr"
"Kirk, Talon X.",1930,78338,Ap #108-185 Euismod Ave,non.feugiat@ipsum.org,74B5C440-B998-FE04-9EAE-B597691BAD22,"98,833Kr","14,723Kr"
"Good, Jared A.",1914,79835,488-5922 Neque Street,auctor@accumsan.edu,A87029BC-6DF8-B77E-36C8-F3D6976EB5F5,"48,171Kr","23,995Kr"
"Sears, Latifah J.",1906,08497,"P.O. Box 546, 5543 Et Rd.",euismod.et@Quisque.co.uk,7E415A00-006E-7BE8-CB0B-715B9E27325B,"37,027Kr","98,041Kr"
"Morin, Katelyn J.",1924,84287,"Ap #130-9101 Sem, Road",Donec@necurnaet.com,05E94018-3634-F0A3-E17C-DA26A1B60B90,"13,874Kr","38,951Kr"
"Gordon, Ila Y.",1955,78810,"P.O. Box 759, 3055 Mollis. St.",ultricies@iaculislacuspede.net,70121C81-7228-BCE4-8C19-D2AFEF0ACD53,"91,849Kr","24,764Kr"
"Glass, Debra Y.",1917,90602,"P.O. Box 221, 329 Eget Ave",Nunc.ac@vulputate.net,3CC1CCC8-A2C8-927C-0871-BADBCE3BF573,"28,267Kr","44,000Kr"
"Howell, Joan L.",1903,15632,710-6939 Molestie Avenue,in.tempus@magna.co.uk,C7A95E45-4C87-0E61-0EC5-2F49AF1D1ACD,"94,002Kr","53,325Kr"
"Evans, Hanna Y.",1940,77752,"P.O. Box 611, 6204 Libero Rd.",aliquam@maurissagittis.ca,5C4FB5DD-FAB1-1288-E346-86FAF9D7F614,"55,078Kr","00,608Kr"
"Tyson, Whitney T.",1969,17774,Ap #379-4135 Eu Av.,nisi.dictum@dictummi.edu,1EB17986-FAB2-0F1B-1D7D-54BF9172C63D,"33,494Kr","29,958Kr"
"Santiago, Ria N.",1953,41508,8267 Nulla. St.,commodo.at.libero@pedeultricesa.net,09602874-4E72-360F-F718-8F4AC18ACD6C,"23,179Kr","28,481Kr"
"Dean, Ali P.",1931,38622,Ap #803-3510 Suspendisse Road,aptent.taciti.sociosqu@luctusut.net,68729FD5-D323-0FB5-48F7-DAE9734BA881,"83,441Kr","95,585Kr"
"Lara, Sydnee N.",1902,09821,"P.O. Box 800, 5856 Egestas Street",natoque.penatibus@lacusvarius.com,3CBA006B-8FC9-FF3F-02D4-4D86A1DFAB2D,"31,190Kr","20,443Kr"
"Best, Selma U.",1986,91489,2452 Semper Av.,ipsum.dolor.sit@necante.com,B8D23EF2-9A56-23FA-1DD8-BD98CD6B300F,"12,131Kr","74,302Kr"
"Dominguez, Amela E.",1974,09362,"767-5062 Pellentesque, Av.",non.justo@risusDonec.org,2AEE84AB-5BAE-8BA5-C9A7-D7453CDD2F25,"7,942Kr","42,758Kr"
"Carson, Amos I.",1930,98665,284-4973 Ultricies St.,In@vehicula.net,ACFD9DAB-DD07-D4A2-38DD-15068775AF04,"96,579Kr","30,646Kr"
"Hahn, Kyle C.",1988,80760,905-6775 Lorem Rd.,massa.Mauris@malesuadafringilla.ca,D6E6E5C8-5DD0-E06C-D687-8CFDBA621CAF,"75,794Kr","16,688Kr"
"Leon, Hayley C.",1988,16295,Ap #713-6703 Morbi Av.,mollis.non@ultrices.ca,0C7B6ED8-B88E-1E0F-0A30-28EB3815CEEC,"61,725Kr","31,010Kr"
"Larson, Clio O.",1926,36981,"P.O. Box 887, 9390 Nulla Avenue",sagittis@quis.net,BF6E7834-6211-893C-FDCD-FADF8C01E1C9,"15,016Kr","31,759Kr"
"Buck, Marshall D.",1969,78188,"508-2292 At, Road",amet.ornare@lorem.com,A242F44D-6077-30FF-CC1A-B503C4A1405E,"23,018Kr","22,612Kr"
"Bentley, Haley X.",1991,30335,Ap #834-5970 Ut Rd.,pede@laoreetipsumCurabitur.com,0F8D32E7-3466-F88E-E844-01E9E7D83BD3,"94,325Kr","66,227Kr"
"Hinton, Shafira G.",1953,93737,737-1686 Mauris Street,aptent@velest.com,85E6DBF0-7D41-350C-568A-2AE6609A70FF,"58,685Kr","16,526Kr"
"Garner, Reed N.",1954,32025,1531 Sapien. Road,Mauris@placeratorci.net,A5B1BCB6-3B53-23A5-C0AC-32EA00C49713,"11,083Kr","23,330Kr"
"Berger, Elliott T.",1952,09772,669-2598 Consectetuer Avenue,Donec@necleoMorbi.co.uk,1E82E567-C7B9-401C-109D-48BC3FFDDFCF,"93,939Kr","94,280Kr"
"Velez, Cameron D.",1959,42499,"P.O. Box 200, 9751 Elit. St.",aliquam@eratin.org,1A349327-2E6F-37BD-EF3D-E30E5F078EEA,"68,455Kr","23,044Kr"
"Wilkerson, Azalia T.",1933,05490,273-123 Magna St.,Duis.gravida@Vestibulum.edu,630C303B-E257-549A-6325-3A8AD80FC413,"74,576Kr","94,104Kr"
"Graves, Nigel B.",1909,24038,"P.O. Box 169, 3881 Egestas Ave",ut.quam@variuset.org,2720F3FC-70FF-2FB4-2348-0C33DAB12A95,"88,906Kr","14,434Kr"
"Villarreal, Blair S.",1986,38347,Ap #197-8085 Aliquam Rd.,volutpat.ornare.facilisis@eleifend.org,DA9A45C7-F5D0-131F-8E5F-AB86D5426B83,"71,909Kr","67,455Kr"
"Ward, Clinton L.",1940,72300,"P.O. Box 501, 1360 Dignissim. St.",montes.nascetur.ridiculus@Donecvitae.edu,33608B3F-7B3E-D2A3-DD9F-EF1173ECBACE,"75,305Kr","57,966Kr"
"Bartlett, Linda Z.",1990,14486,Ap #952-9264 Gravida Ave,magna.Lorem@molestiearcu.ca,89CFDAC8-4873-B6AB-8016-A6066FF287D0,"27,234Kr","83,936Kr"
"Sweet, Griffin P.",1926,85539,471-7840 Lorem St.,adipiscing.non.luctus@lobortisClassaptent.edu,557B46ED-EBE0-5E09-B821-8F2D6FBDD0E2,"90,355Kr","96,720Kr"
"Jones, Timon O.",1976,74743,"P.O. Box 809, 3974 Aliquet. Av.",gravida.nunc.sed@sapiengravida.net,82AE16BF-6A1B-005C-CC84-141417460439,"92,475Kr","51,583Kr"
"Burks, Seth G.",1931,25786,Ap #861-6717 Felis Av.,aliquet.metus@ultricies.net,7BF933F3-83CF-1486-7035-AB348EA215D8,"38,405Kr","14,727Kr"
"Ramsey, Elaine G.",1908,04622,Ap #178-8190 Commodo Road,est@malesuada.net,B9037A69-0311-1352-5DC9-25FB6CB8D248,"74,577Kr","12,968Kr"
"Swanson, Elmo N.",1991,18939,"P.O. Box 450, 6220 Egestas Rd.",posuere.cubilia@egetodio.org,B102ECBB-F03B-4FF3-2C37-B4FEA96DF73B,"95,105Kr","52,371Kr"
"Pearson, Samuel P.",1909,62064,715-1669 Pede Avenue,orci.adipiscing@necenim.edu,90049629-E548-A20C-C4C6-C84337DADEC7,"87,100Kr","18,580Kr"
"Roberts, Priscilla H.",1922,81124,Ap #707-6528 Eget Avenue,sollicitudin.commodo@Loremipsum.net,F1E38CD5-BADA-884B-66E9-E87732E29AD9,"82,407Kr","65,411Kr"
"Maddox, Liberty G.",1949,66234,"P.O. Box 222, 5646 Volutpat. Av.",magna.Duis@Duisat.org,F8E2AC54-72D3-E977-42A9-A86AAF0361A5,"08,937Kr","74,083Kr"
"Shields, Alden V.",1938,85803,5847 Nam Avenue,nonummy.Fusce@egetmetusIn.net,59304218-822E-BC7F-2570-6D26CBD07FDD,"97,613Kr","69,361Kr"
"Holt, Iola T.",1917,93705,244-7987 Sem Av.,sagittis.placerat@dis.co.uk,2A6E53FD-2CAB-C79F-6EB7-764B81316B08,"46,825Kr","11,285Kr"
"Campbell, Imani H.",1964,35812,Ap #259-9580 Nullam Avenue,Aliquam@Namligulaelit.ca,1D49F7B5-3CD9-345D-AEBD-15CC8CE97728,"75,511Kr","93,930Kr"
"Douglas, Alfonso B.",1987,86164,Ap #129-6911 Velit Av.,fringilla.porttitor@molestiein.edu,B0D3CCD3-30B9-6DE5-B875-F22A2D014420,"31,284Kr","48,989Kr"
"Merritt, Abigail O.",1976,12010,5212 Faucibus Rd.,Ut.tincidunt.orci@eu.co.uk,F71AAEBC-2FF2-3F64-C88D-A8726F0FF6EF,"55,042Kr","82,443Kr"
"Atkins, Bruce R.",1988,33023,714-7441 Ad Rd.,molestie@vulputate.co.uk,C6035035-7155-1FD0-4328-860D1CF40E1D,"94,413Kr","75,633Kr"
"Williams, Doris S.",1918,20633,840-4914 Euismod Rd.,quam.elementum@sagittissemper.ca,0261E65F-47C9-9C3D-0475-96CE3484EADE,"96,837Kr","77,883Kr"
"Hyde, Risa G.",1963,36984,"P.O. Box 779, 2783 Proin Rd.",Integer@auguemalesuadamalesuada.ca,258590A7-B758-C536-BE58-5EF8A4CAF541,"43,789Kr","93,959Kr"
"Terry, Alexander W.",1983,07551,389-7388 Quisque Street,euismod@a.ca,FA19ED4E-28FD-5713-8DC2-FE77339644F4,"97,736Kr","04,095Kr"
"Gomez, Denise J.",1983,17077,"P.O. Box 992, 2710 Mollis St.",erat.neque.non@at.net,F5428D9D-2811-80F6-2B7E-85EB538246F3,"83,351Kr","56,125Kr"
"Mueller, Aquila C.",1911,92243,"407-3962 Ac, Avenue",arcu.Aliquam@semperegestasurna.ca,35588DBC-4BF1-F561-4A5B-FBA410D2E3B1,"21,967Kr","91,904Kr"
"Lamb, Jemima X.",1986,39109,708-1857 Nisl St.,ornare.facilisis@tempuseu.com,4E95F68D-93F2-4943-F351-192545D9E1E2,"79,058Kr","80,507Kr"
"Campos, Adena I.",1983,07427,962-7875 Nec Rd.,luctus@tincidunt.com,C991E7AC-89F7-075E-816C-C15102624D61,"38,182Kr","24,015Kr"
"Chambers, Imogene Z.",1944,81930,Ap #808-3374 Arcu. Road,commodo@netusetmalesuada.net,C3CD530A-06B6-7DBE-ADE0-F5781C9F87A5,"68,553Kr","08,315Kr"
"Davenport, Ainsley D.",1960,16663,"P.O. Box 843, 9660 Aenean St.",magna.a.tortor@ultricesDuisvolutpat.ca,25241C4A-3EFD-52DF-47AE-CBFF8FC3CADF,"40,729Kr","58,675Kr"
"Woods, Chadwick C.",1974,47937,6928 Erat Ave,congue.a.aliquet@sit.edu,F01E80BC-C6AC-5AF7-7746-DF48DF301811,"77,285Kr","32,722Kr"
"Arnold, Mark Q.",1917,78905,"P.O. Box 739, 9462 Erat Rd.",gravida.Praesent@risus.co.uk,24804B05-426C-56E8-1B83-44A6F901C11F,"95,337Kr","95,861Kr"
"Ochoa, Carter Q.",1937,09624,3262 Odio Rd.,Duis@id.com,5EDCD7DF-3E13-4B3E-15EC-953228429E5E,"02,666Kr","67,437Kr"
"Mack, Quinn Q.",1958,45836,396-5815 Tincidunt Ave,Suspendisse.tristique@mollisDuis.com,D650FA28-8765-A1E4-9810-23A88302B468,"49,599Kr","85,655Kr"
"Newman, Cameron L.",1939,71925,Ap #274-1427 Aptent Av.,pretium@Aenean.co.uk,7F6F372F-B887-511B-C3AF-DED82FED33BB,"88,744Kr","19,177Kr"
"Burt, Macon S.",1959,83339,8810 Mattis. Ave,Proin.dolor@Integer.net,F098296F-D9B8-CD33-709D-68A17874A809,"58,216Kr","22,349Kr"
"Juarez, Phoebe X.",1921,56013,"P.O. Box 844, 1400 Eget Avenue",habitant.morbi.tristique@Quisquefringillaeuismod.com,424CAC04-50EE-A09D-84FA-A89D6B83717B,"89,765Kr","30,545Kr"
"Ward, Jamal G.",1949,42851,"P.O. Box 361, 172 Pretium St.",nunc.sed.libero@pellentesqueafacilisis.com,800EB923-A9FE-57CD-E0B7-2695B9138760,"71,321Kr","55,895Kr"
"Ferguson, Shay T.",1903,04664,3808 Rutrum St.,fringilla.mi.lacinia@malesuadaInteger.com,8FDEA6FE-F650-FCF3-D0A8-B11BF78CD106,"26,869Kr","40,244Kr"
"Burns, April W.",1926,26269,Ap #302-8085 Conubia Rd.,augue.Sed@acturpis.co.uk,92A99357-45E6-3217-6BB0-B0A73707F168,"26,125Kr","77,419Kr"
"Nash, Kirby C.",1923,43582,145-5616 Adipiscing St.,mi.fringilla.mi@metus.ca,47F8FF0E-0774-891C-075E-A3F048D1CA91,"81,645Kr","11,205Kr"
"Velasquez, Lee X.",1948,60514,"P.O. Box 899, 4191 A, Rd.",parturient@sedtortorInteger.co.uk,FF047D54-8F6A-81C0-BC8E-45853F78A78A,"59,819Kr","39,628Kr"
"Dillard, Melyssa R.",1942,21925,Ap #480-8258 Eu Av.,nonummy.Fusce@Infaucibus.ca,BCDFC477-B012-9001-5309-CA6713D591D4,"82,988Kr","67,685Kr"
"Curtis, Ali I.",1991,71772,"P.O. Box 925, 4763 Cursus Road",nec.cursus@sitamet.co.uk,3864B394-5793-1DE1-90C5-3AB783FBB1AE,"69,830Kr","72,176Kr"
"Heath, Buffy Q.",1923,86522,"P.O. Box 723, 4830 Pellentesque, Road",semper.pretium@auctor.co.uk,EB67E62A-7C91-DC71-A1AE-46551DFD1FCF,"80,679Kr","94,497Kr"
"Meadows, Idona B.",1949,52038,"Ap #639-2325 Mauris, St.",Aliquam@dictumplacerataugue.edu,49566537-5F60-1DA9-6E9B-CCE751C0F003,"49,607Kr","39,616Kr"
"Silva, Tana R.",1975,85179,"7955 Aliquet, Av.",lobortis.risus@etmalesuadafames.co.uk,8DD02ED3-EE42-8BB9-7829-41C2E8924A1D,"98,647Kr","16,409Kr"
"Erickson, Caldwell D.",1979,69751,6029 Cursus St.,nulla.Integer.urna@ultricies.co.uk,70B9F431-8E25-6031-DEF9-72791056336A,"58,336Kr","09,127Kr"
"Cooley, Kane G.",1985,99316,"Ap #825-5418 Orci, Rd.",blandit@mauris.edu,DABCD4D4-F278-036E-3655-0C0888CB9BC6,"00,619Kr","66,179Kr"
"Porter, Hasad T.",1973,05719,"P.O. Box 755, 1851 Duis Street",fringilla.Donec@egetipsum.edu,4CBD478E-3549-D7D9-855B-5AF862F8ABAE,"85,209Kr","68,156Kr"
"Justice, Nathaniel S.",1981,26069,515-512 Malesuada Road,Quisque.imperdiet.erat@nisinibh.edu,1BB7DA08-5A7C-128E-72F0-1978087DE200,"81,768Kr","61,973Kr"
"Simpson, Fletcher N.",1930,42616,9601 Pellentesque Street,mi@metus.org,4BDCC63A-56A5-45DF-A534-7EBBCAE1D071,"61,974Kr","04,473Kr"
"Vinson, Charity A.",1968,01047,"P.O. Box 287, 7593 Feugiat Ave",montes.nascetur.ridiculus@nisiaodio.edu,ECBB79C4-9465-93D4-5F5C-CB9EE5A75B73,"22,679Kr","44,121Kr"
"Lott, Steven K.",1976,73496,5898 Lacinia. Rd.,arcu.Vestibulum.ante@idante.edu,5E93DED4-49B7-1E61-B261-11DA07830A45,"53,704Kr","52,433Kr"
"Chase, Remedios G.",1977,46094,984-2179 Id St.,Donec@aliquetvel.com,B0EB76F8-13DA-161E-CCFC-28D8819ABBE6,"08,434Kr","89,379Kr"
"Becker, Kamal N.",1919,17236,"P.O. Box 125, 4159 Fermentum Rd.",sit.amet.consectetuer@dignissimtempor.co.uk,F7778023-C0A8-DDD0-F945-34D343F1A809,"18,707Kr","64,713Kr"
"Edwards, Henry V.",1952,17324,"P.O. Box 718, 595 Aliquam St.",imperdiet@maurissagittis.org,A5AE9A03-30D3-8EB1-1764-E441F544BDB5,"73,478Kr","65,129Kr"
"Conley, Eden P.",1906,20238,"Ap #329-9650 At, Av.",In.scelerisque.scelerisque@aliquamarcu.ca,A6BAB0E7-EAC1-00E1-5F6A-DE79276ED788,"87,024Kr","02,788Kr"
"Hoffman, Candace V.",1933,10278,2976 Auctor Av.,ut.molestie.in@porttitor.co.uk,135B6C14-A8D2-6150-770B-3E10C5EFA3DB,"60,841Kr","16,247Kr"
"Guy, Veronica K.",1991,51509,"P.O. Box 214, 5148 Nunc Rd.",tellus.faucibus@torquentper.net,75D3BC35-0017-3852-07B1-7898A113A512,"78,805Kr","10,008Kr"
"Garcia, Blossom O.",1970,57768,634-9990 Class Av.,senectus.et@sodalesnisimagna.ca,400E212D-73F2-259E-F4A9-2E6776D82516,"13,113Kr","76,258Kr"
"Walton, Melodie M.",1922,43763,"Ap #482-6914 Vel, Av.",vitae.erat@in.co.uk,3A5B1344-85BE-706B-7D62-24FDBA86FB43,"67,412Kr","24,277Kr"
"Everett, Lee Y.",1983,27354,738-7826 Tempus St.,ridiculus.mus.Proin@sed.net,7092A19A-DED3-9CB6-07D9-E1A5C735A401,"00,416Kr","87,820Kr"
"Johnson, Hoyt O.",1963,85474,"P.O. Box 483, 7667 Dignissim Street",nibh@eusem.net,A817F5C9-9DBE-60D1-E78A-E4F1BB495150,"14,019Kr","92,400Kr"
"Key, Victor C.",1970,21309,1444 Ad Rd.,feugiat.tellus@sitamet.org,767813DA-8E08-8601-2447-63CE2E7F797F,"88,289Kr","14,420Kr"
"Kline, Leilani B.",1914,37627,"P.O. Box 329, 8395 Phasellus Ave",nisi.dictum@neque.co.uk,59D7757F-EFEE-E600-CCBF-9FBC391CBFB0,"59,489Kr","24,542Kr"
"Brewer, Abdul T.",1988,90899,840-8514 Mollis Av.,augue@cursusluctus.com,8EFB7182-0329-DAAB-AB99-B661344DD605,"74,617Kr","15,780Kr"
"Rosales, Elliott J.",1908,69180,4399 Nulla Rd.,bibendum.sed@non.edu,D56E9B36-897E-E7FA-899A-6A716D7D07DD,"90,118Kr","18,311Kr"
"Cantrell, Aiko X.",1994,97562,Ap #454-1850 Urna Rd.,consectetuer@enimmitempor.org,657D3FA3-6813-DD9C-D657-9BF41271E585,"40,268Kr","54,020Kr"
"Mccarty, Teagan I.",1993,81331,"P.O. Box 235, 9680 Duis St.",nisl.Quisque.fringilla@dapibus.edu,05628E36-4CBF-CDDC-AF10-2A22D2156777,"45,826Kr","28,887Kr"
"Odonnell, Aristotle W.",1976,87054,866-1450 Urna Road,mi@lacus.co.uk,E31C532C-A937-8CC5-9853-06953B50F5FE,"48,712Kr","71,930Kr"
"Palmer, Maggie Q.",1924,86948,Ap #275-2742 Turpis. Avenue,tincidunt@estNunc.net,0014B64B-C4A4-5529-1C88-9E831C7D6D87,"57,074Kr","41,864Kr"
"Montgomery, Garrett H.",1902,93729,320-1704 Iaculis Rd.,Ut.tincidunt@euismodac.ca,87DA347A-2010-ACAA-C070-F893CCAD697F,"02,203Kr","18,096Kr"
"Miles, Ingrid F.",1962,19810,5430 Nunc Av.,nisi.dictum@vulputatelacus.ca,873C4F61-6096-1F06-9146-35401D7A563D,"41,533Kr","58,931Kr"
"Morgan, Florence U.",1938,03709,"2089 Eu, St.",Fusce.aliquam@elit.co.uk,92293F1E-5822-79CA-FD0C-EFF0D2947620,"10,239Kr","43,088Kr"
"Haynes, Jade O.",1927,76628,638-3804 Et Ave,sit.amet@Praesenteu.org,51624F7C-5ACE-F7B4-26D6-3A2A480BE203,"14,083Kr","71,925Kr"
"Hart, Kelly X.",1940,83751,Ap #469-7497 Pretium Rd.,mi.lacinia.mattis@Nullatempor.edu,45A8DA3B-D4F2-B6B2-40FC-3A4C008D9BEE,"27,400Kr","40,902Kr"
"Goodman, Chanda K.",1919,66086,"P.O. Box 939, 7308 Molestie Rd.",auctor@pulvinararcuet.com,54F5573E-31D4-A32D-DCEA-71470FB0AC3F,"41,659Kr","99,899Kr"
"May, Clark D.",1963,53861,344-2085 Magna. Road,odio@convallis.ca,32F42B5C-78C9-B1F6-B436-75CDAFFB1D34,"66,516Kr","22,971Kr"
"Lambert, Ahmed K.",1987,89346,"9196 Nunc, St.",dis.parturient@imperdiet.co.uk,A2A7CA78-B5CF-5F97-D764-E131E1965650,"80,611Kr","01,115Kr"
"White, Jarrod X.",1962,09336,Ap #910-1888 Tristique Ave,felis.ullamcorper@auctornunc.com,AF581FF6-647F-4F5F-F445-F909831ECD26,"16,328Kr","33,359Kr"
"Deleon, Donna M.",1939,93717,Ap #221-4163 Tellus Rd.,eleifend.nunc.risus@urnaetarcu.org,400D41B0-FD7C-46AB-5088-C4F7662D1246,"82,544Kr","05,586Kr"
"Bell, Philip G.",1937,95370,865-8207 Enim St.,malesuada.fames.ac@tellusNunc.ca,9410B4EC-723A-672C-6B22-B54231E063A0,"44,028Kr","15,549Kr"
"Allen, Ulla E.",1901,90402,"Ap #374-2772 Nec, Rd.",dolor@diameu.net,C7DF9C0F-0A09-61C7-0DE1-108C5DD54110,"68,831Kr","18,277Kr"
"Cooley, Victoria I.",1967,01761,"P.O. Box 196, 5546 Justo St.",ut@gravidanunc.edu,8DDDAB3F-D4F7-3FAE-0CAB-FED30570DC15,"41,853Kr","36,437Kr"
"Parrish, Nevada Y.",1965,42572,663-8211 Consectetuer Avenue,sed@purusaccumsan.org,6D972170-D857-78D2-F1AA-6A9A46FBDF14,"85,697Kr","83,701Kr"
"Hernandez, Derek W.",1973,19663,9429 Cursus St.,ipsum@ut.org,7911D718-50AA-C55B-17BB-20D4DC8AD724,"89,658Kr","40,669Kr"
"Sexton, Petra M.",1972,44150,180-572 Erat Street,magna.Nam@rhoncusProinnisl.net,C109D84A-07F0-B5E7-D596-65AC6B5079B3,"23,150Kr","57,240Kr"
"Holloway, Amena Y.",1928,11350,311-7394 Proin Street,id@in.co.uk,A6C11119-ADD4-9ABE-CE35-F897C5C5A745,"64,587Kr","59,915Kr"
"Mosley, Griffin Q.",1912,55743,"P.O. Box 824, 9364 Sed, St.",commodo.auctor.velit@Quisque.ca,BA170DCA-51F2-2624-FB06-1161E5D97F42,"63,210Kr","19,479Kr"
"Whitaker, Porter Y.",1922,42552,Ap #913-9747 Vitae Ave,tellus.faucibus@Etiam.net,16C0C9A4-9E73-41D7-8211-6DD1BCB5CCFE,"58,230Kr","23,096Kr"
"Wilkerson, Thane Y.",1936,52946,516 Malesuada Ave,nec@egestas.org,913BD062-D22C-5EB5-4484-C378F7B4AFA4,"49,787Kr","03,693Kr"
"Matthews, Regina X.",1988,30752,"P.O. Box 291, 2824 Luctus Avenue",at.nisi@velitinaliquet.com,02CFA834-8E99-D88B-F978-DF7F3C7B9209,"37,039Kr","25,247Kr"
"Middleton, Griffith X.",1929,82877,961-2992 Est. Rd.,commodo@mattisIntegereu.org,C46F0DA9-0A34-7C3C-9694-2FD8F2C8E9FA,"25,698Kr","78,620Kr"
"Henderson, Igor O.",1921,25296,739-1496 Sociis Road,dictum@necligulaconsectetuer.com,B3DA5934-32F1-89FB-D7FC-272A34A4009B,"57,350Kr","82,743Kr"
"Evans, Yetta N.",1902,68277,337-9959 Arcu Street,vel@euismodacfermentum.co.uk,728A63F7-3936-F9E0-3B3F-783DC3F82F79,"13,654Kr","50,145Kr"
"Lucas, Dale F.",1916,29381,7051 Nec Av.,leo.Morbi.neque@nequeNullam.co.uk,F92C65CF-8B62-C664-8A3E-76B42612D21C,"72,012Kr","10,369Kr"
"Trevino, Yetta S.",1955,21095,6349 Nonummy. Ave,amet@at.org,BB2FE810-6322-06B3-F050-0E4CEED621DE,"84,423Kr","65,588Kr"
"Mcintyre, Eugenia S.",1949,97829,805-4576 Fames Street,mi@ornarefacilisiseget.net,C99A760A-8D95-D705-7C4B-B5F0165E3ABF,"52,939Kr","02,049Kr"
"Neal, Clementine T.",1968,63259,636-7253 Mattis. Road,a.sollicitudin.orci@Uttinciduntorci.edu,5837E852-2115-6B11-565D-6D3C7EBDE403,"59,053Kr","41,789Kr"
"Rich, Arden Z.",1968,08809,Ap #349-5742 Elit. Rd.,neque@blanditNamnulla.edu,C0E3F91D-E11B-5B70-C6ED-51515E11CF28,"87,433Kr","18,806Kr"
"Deleon, Halee X.",1962,88599,Ap #770-3247 Inceptos Street,consequat.dolor@auctor.org,4A8A8AC5-9ED9-FA9A-7637-57B030754BD8,"52,654Kr","02,237Kr"
"Cooper, Arsenio U.",1902,92690,Ap #847-5521 Lorem Avenue,velit@sedpedenec.ca,369670BB-C842-E80E-8486-5C50AE4E9E7C,"99,331Kr","48,294Kr"
"Schroeder, Hiram U.",1910,95848,"147-2762 A, Road",eros.nec.tellus@hymenaeosMaurisut.ca,A9B47F21-DAE3-B1FC-07B7-4BC9C171EBB8,"87,816Kr","80,619Kr"
"Nichols, Fallon J.",1934,99268,3902 Eleifend. Street,Suspendisse@Donecelementumlorem.org,283C4436-3F1C-4791-D9F1-3C78BDAAB81E,"61,696Kr","55,625Kr"
"Montoya, Barbara W.",1959,87888,253-1724 Magna. St.,metus@Mauris.co.uk,EC7AA255-A64B-BE15-DD2A-BCB0EE3A079F,"72,378Kr","18,647Kr"
"Fitzgerald, Hamish W.",1923,92935,765-4313 Iaculis St.,magna@miac.com,5A5498FA-0894-A33E-37C9-F6A621BCAA00,"56,014Kr","86,902Kr"
"Stephenson, Nerea C.",1989,25971,531-3103 Aliquam Road,nunc.ac@consequat.co.uk,8C5BD078-A88F-EDDD-05CD-714D9957A762,"38,688Kr","55,731Kr"
"Fox, Ria P.",1968,36381,1583 Donec Ave,semper.rutrum@odiotristique.co.uk,F62CFB17-59D8-E96F-4B9A-9CF4C1DC92A8,"38,456Kr","87,711Kr"
"Cardenas, Aretha I.",1948,40809,Ap #842-9089 Sem Avenue,ut.eros.non@odiovel.edu,467084D2-77B0-4FAC-6BA7-A162E4E7D591,"78,272Kr","38,056Kr"
"Davidson, Naomi V.",1932,94741,"P.O. Box 517, 5575 Lorem. Ave",molestie.sodales@Ut.net,46F3BEA8-44A0-5C5A-CD73-F4F1C8AEBBB0,"67,120Kr","12,529Kr"
"Reilly, Nolan J.",1954,83810,2394 Aliquam Rd.,vestibulum@Suspendisse.net,0FC1B4CA-0760-9146-A2C7-5C5D9902AAFA,"04,281Kr","49,625Kr"
"Fuller, Idona T.",1994,50094,Ap #401-9796 Orci. Rd.,felis@quamCurabiturvel.net,90A3AA64-55FE-0B40-3403-B1C37C6F81C1,"47,851Kr","81,721Kr"
"Barry, Lucius P.",1907,70309,Ap #639-1730 Adipiscing St.,risus.Quisque.libero@cursus.ca,5EDCB3B3-4856-EA2F-5366-3B8E4BD3EFC4,"82,957Kr","11,685Kr"
"Dickson, Chester B.",1979,78121,6712 Nibh St.,Mauris@Etiamimperdietdictum.ca,142F9DCC-CC90-B314-0D22-25A524962204,"89,618Kr","87,295Kr"
"Eaton, Armand I.",1905,08884,Ap #990-8094 Curabitur Rd.,sed.sem.egestas@vulputateveliteu.edu,4756CFCF-1D38-0791-87E5-FDD9DA4A91BD,"91,357Kr","60,519Kr"
"Sykes, Garrett C.",1900,02185,2997 Ultricies Avenue,sagittis.felis.Donec@tortoratrisus.net,BBA49493-EAEB-3009-01D1-F6CD51DDDCA9,"17,454Kr","17,827Kr"
"Guzman, Constance K.",1962,43512,374-9890 Lectus Road,ligula@malesuadaaugueut.org,33394072-D2B5-7962-1BB4-0FA44A8A8F0C,"15,326Kr","00,216Kr"
"Hess, Raymond M.",1926,85102,8729 Faucibus Rd.,Proin.mi@tristiquepharetra.com,A5EEA874-065D-983F-D08E-0D68B42AD8E8,"85,505Kr","84,859Kr"
"Hodge, Luke G.",1932,87331,Ap #462-8753 Euismod Av.,tempor.bibendum@egestasurna.org,4C0F02AE-B868-5D0A-BC00-E4E8AC013697,"85,241Kr","31,408Kr"
"Gardner, Berk G.",1976,01465,133-6144 Ac Avenue,varius@pellentesqueSeddictum.net,E049C4BF-B57E-EE2B-F438-D4834151C7DB,"36,235Kr","76,601Kr"
"Powers, Summer J.",1936,02036,Ap #254-267 Duis Street,tortor.nibh@netus.org,799CBEE7-5B3C-D803-944E-F538730F714F,"20,013Kr","39,638Kr"
"Harris, Rogan H.",1975,68130,Ap #995-3901 Vivamus St.,arcu@elementumategestas.com,04C77D7F-ECE9-AAF6-4C8A-D8D5837CE80E,"12,657Kr","69,611Kr"
"Wall, Stone Q.",1960,82561,1035 Est Street,diam.dictum.sapien@eudoloregestas.net,BB913C80-B009-DDF1-8D50-782B54672A4D,"72,178Kr","5,011Kr"
"French, Kyla E.",1965,46357,Ap #992-4846 Enim Road,pede@Donecestmauris.com,550B963C-07A6-5900-0B69-66F067134389,"33,594Kr","79,315Kr"
"Wolfe, Amethyst H.",1992,59095,"P.O. Box 514, 3395 Pellentesque Street",non@milaciniamattis.ca,2C983AC7-E517-E69D-E8ED-2424C88E4476,"54,209Kr","46,149Kr"
"Wooten, Marny S.",1968,77618,"P.O. Box 710, 9161 Orci. St.",dolor@etarcuimperdiet.org,13ADB3CF-7369-45D0-2994-6A5A54C90DF2,"43,847Kr","89,827Kr"
"Hebert, Jennifer E.",1979,76300,771-3081 Lectus Street,velit.dui@pedeetrisus.net,937E7378-17A1-1ACF-6746-82BFE094E707,"54,531Kr","27,898Kr"
"Bass, Deanna U.",1969,96733,6688 Volutpat. Rd.,augue.ut@montes.net,AD8AC830-7A0E-5858-4330-98E1897EB2B6,"42,687Kr","77,311Kr"
"Coffey, Basil I.",1974,28298,543-7864 Enim. Street,tincidunt.Donec.vitae@Vestibulumanteipsum.org,8A603EFF-1B61-F6EB-ABF9-91E09AB5A6A2,"53,252Kr","12,166Kr"
"Dillon, Lacey N.",1901,12186,"P.O. Box 230, 4941 Ultrices Ave",nibh.Phasellus.nulla@Nullatincidunt.org,8481F369-91CB-3F03-144E-F8A1B2E99402,"62,818Kr","18,985Kr"
"Jenkins, Wade N.",1973,61379,986 Mollis. Avenue,lacus@Inornare.co.uk,6087BB54-5957-3EBB-A5D0-2C2193489C60,"05,694Kr","60,520Kr"
"Davenport, Kiona U.",1963,88941,"P.O. Box 210, 3508 Dictum Rd.",est.ac.mattis@tristique.ca,FEC9201C-D8CA-7422-1F18-2822A7E2ABCA,"19,533Kr","94,112Kr"
"Welch, Merrill C.",1957,35483,Ap #302-4858 Pellentesque Road,turpis.Aliquam.adipiscing@augueac.com,258CD6F8-2C2C-459E-B259-76F196CD0F22,"31,715Kr","83,188Kr"
"Irwin, Amal K.",1909,96267,"P.O. Box 630, 8874 Magna. Avenue",In.tincidunt.congue@adipiscing.com,9643D00D-03F4-DF6F-D038-C38ED6B892C3,"00,338Kr","85,982Kr"
"Walls, Joshua F.",1908,52172,"P.O. Box 824, 5738 Lacus. Rd.",pede@pretiumetrutrum.ca,017E8361-635F-3D65-5961-DDA0A3070A00,"03,287Kr","31,803Kr"
"Levy, Emerson K.",1968,33157,Ap #530-1164 Aliquam Av.,metus.In.nec@Vivamusnibh.co.uk,59EFDF6D-97E5-ED9A-3ECC-9D925A063F58,"49,052Kr","57,512Kr"
"Mason, Rowan I.",1927,92831,"P.O. Box 822, 9781 Diam Street",dignissim@quisdiamPellentesque.org,9A7F4868-8B11-0985-8C3F-F740445F0659,"85,454Kr","01,362Kr"
"Guerra, Madaline Q.",1933,98879,"Ap #525-895 Ac, Ave",per@eget.com,C5409909-F520-2C58-B256-1529C3B18B55,"01,493Kr","90,764Kr"
"Copeland, Daphne K.",1922,31273,"P.O. Box 615, 4238 Sem, Avenue",vitae.velit.egestas@placerataugueSed.net,167EA2F3-D58E-EE82-4B60-1AF3351F25C4,"60,852Kr","92,360Kr"
"Prince, Alea E.",1936,16251,"P.O. Box 723, 6149 Eu Road",Cras.sed@faucibus.ca,A6BECCDF-1A3D-E644-9D81-0A82528C3F4D,"15,533Kr","34,464Kr"
"Love, Darryl V.",1978,51923,420 Dolor St.,ligula.Aliquam@CurabiturmassaVestibulum.ca,F911F39B-6904-F001-D93C-D89F496A8427,"94,386Kr","30,419Kr"
"Smith, Zachery E.",1946,15975,Ap #295-7996 Ac Ave,In.lorem@sollicitudin.net,9EAD8180-5B83-F017-3A5E-489EC6696B4F,"22,330Kr","13,565Kr"
"Odom, Nevada C.",1905,42417,"7520 Placerat, St.",posuere.enim@mifelis.co.uk,A7884FFE-5B25-5238-39BA-B74D30637521,"93,679Kr","06,938Kr"
"Travis, Daniel Y.",1961,69031,611-2422 Viverra. Ave,id.ante@necurnasuscipit.co.uk,68CA93E0-8126-CD86-876E-AC905D98CD73,"07,114Kr","37,093Kr"
"Bender, Abra Z.",1941,80991,"P.O. Box 871, 1370 Nullam Ave",Aliquam.rutrum@elementumdui.edu,500BEA4B-7BEC-FDB6-AB59-EB4F968FF0F5,"24,679Kr","97,985Kr"
"Cabrera, Dustin S.",1961,36006,"670-4569 Et, St.",dapibus@Curabiturvellectus.com,8F425D15-D0AE-0BEB-09C1-2A2A49BB66FF,"79,829Kr","00,460Kr"
"Mccarty, Pascale F.",1911,20926,834-9954 Curabitur Street,Proin.velit@felispurusac.ca,7A3C4E7B-57AB-BC6D-06D4-0B9689CF548C,"50,702Kr","52,217Kr"
"Sherman, Bruce G.",1922,56126,"P.O. Box 599, 256 Mollis Avenue",magnis.dis.parturient@nonummyFusce.com,E2B1302F-A4C2-884C-1FE5-904A94A1DE6B,"44,533Kr","49,947Kr"
"Burt, Riley Y.",1913,02830,Ap #380-6276 Aliquam Av.,id.risus.quis@mollisPhasellus.co.uk,94829346-1B22-D06F-0AD5-BD252C06514F,"35,725Kr","32,436Kr"
"Bauer, Herman R.",1901,43115,"Ap #752-9873 Enim, Avenue",neque.vitae@vulputaterisusa.edu,A07CD733-872E-44D4-A36C-CBC56CED9CF4,"48,300Kr","95,481Kr"
"Graves, Ryan H.",1982,28379,"P.O. Box 237, 2797 Nisl Avenue",turpis.Nulla.aliquet@IncondimentumDonec.com,688D46AE-3A20-03BE-7942-992DB7B12748,"42,977Kr","12,004Kr"
"Cooke, Charlotte H.",1923,01463,"Ap #300-5790 Et, Ave",nonummy@faucibusorciluctus.org,6632DE3F-6875-5DA9-ED18-393CCCD9A0F1,"66,046Kr","72,428Kr"
"Talley, Felicia F.",1910,42497,Ap #539-9821 Et Road,nunc.sed@nec.ca,A347010B-20C9-3FE5-62D6-DBC72BF8CF07,"41,494Kr","48,217Kr"
"Mullins, Dana O.",1940,99596,Ap #162-5850 Nulla Street,lobortis@liberoInteger.edu,1284E7CB-6D29-20D9-0C20-65306D0937B5,"07,591Kr","21,870Kr"
"Mcdaniel, Maite E.",1968,42124,Ap #640-179 Semper Road,risus.Morbi@blandit.net,8BDE8E8C-5320-7C92-4E58-51FDBF502DDA,"66,495Kr","24,159Kr"
"Saunders, Dennis H.",1948,19831,4641 Nulla Av.,vitae.mauris.sit@sociisnatoque.net,A6B81BD2-EBF8-5928-148F-AAD7947CAC84,"48,452Kr","61,089Kr"
"Terrell, Jordan T.",1995,64843,5993 Adipiscing Av.,metus.In@nibhPhasellusnulla.edu,88EF126E-D261-5AFA-AA18-17FE7938729F,"08,864Kr","64,691Kr"
"Patel, Brett Y.",1965,26540,Ap #609-4524 Eu Av.,adipiscing.lobortis@liberoMorbi.com,FE27760E-89D3-1BFC-0947-AE457BBA49F4,"36,168Kr","47,827Kr"
"Kirkland, Raphael B.",1951,78036,306-1967 Risus. Road,ipsum.ac@acfeugiat.org,53CDF783-1788-9371-E533-F7A6BDE84DFA,"97,057Kr","10,850Kr"
"Osborne, Keane S.",1926,03348,"P.O. Box 477, 1899 Velit St.",blandit.congue.In@velvulputate.net,DD29A01F-E19F-E102-2589-17A2ED1A3451,"04,570Kr","43,077Kr"
"Morgan, Phoebe P.",1954,86492,460-9919 Turpis. Av.,vel.quam@sapienAenean.co.uk,0CFEA18D-5EF6-6A2F-7C66-1D37330EC2CC,"45,179Kr","41,899Kr"
"Baird, Phillip C.",1979,14104,"P.O. Box 731, 4251 Eros Road",et.rutrum@sedtortorInteger.ca,A31D71C3-49F3-59C2-C44C-BE3C9A6186A2,"58,295Kr","76,999Kr"
"Santiago, Orson T.",1981,83132,"1131 A, Ave",Aenean.eget.magna@idante.org,00BDA54B-DB60-5207-0EC1-4060E8E9E00F,"73,716Kr","44,394Kr"
"Finley, Devin D.",1909,04978,"P.O. Box 162, 5750 Aliquam St.",elit@fringilla.com,584402EF-2EE4-AB0C-C8B9-6BB6C46C980F,"93,997Kr","43,535Kr"
"Ford, Alice I.",1938,10509,Ap #932-4924 Risus Ave,vel.arcu@Fusce.net,FB3B098A-28A3-CE52-16C2-6AE0967098D8,"28,535Kr","29,605Kr"
"Bray, Dai X.",1962,89835,443-3055 Cras St.,fermentum.risus@egestas.com,BA340B4A-4138-27DC-4D9A-69CEF07C13FD,"75,784Kr","28,461Kr"
"Cabrera, Jamal L.",1992,35247,"P.O. Box 696, 4167 Dui, Rd.",ornare.sagittis@idantedictum.co.uk,9EC9F461-76E5-A049-6DDE-998C4E5CE8A8,"36,482Kr","21,348Kr"
"Hanson, Brent K.",1969,55294,869-1559 Cursus Rd.,lectus.Cum.sociis@sempertellusid.com,940E36A1-E5A5-CCC8-45B3-C4C42E2DEE18,"9,480Kr","41,713Kr"
"Summers, Dalton X.",1949,05431,6010 Tellus St.,posuere.cubilia@Nullamvelitdui.org,BA40C32A-11B9-4DFB-503C-5597421817FD,"57,747Kr","10,960Kr"
"Stewart, MacKenzie D.",1940,05512,"P.O. Box 210, 1813 Nam Rd.",ut.cursus@sociosquad.ca,BD000181-98FA-BD92-E2A1-6D98FC01249D,"87,300Kr","93,526Kr"
"Cantrell, Paloma A.",1970,42392,"P.O. Box 620, 8096 Auctor, Rd.",congue.turpis.In@necenim.edu,4AB47B59-0F72-9544-B79A-B94C21CE9E0E,"37,275Kr","81,711Kr"
"York, Amanda W.",1943,45440,869-3006 Quis Avenue,Morbi@nisinibhlacinia.edu,8FDB199A-7A80-6A1D-2A59-BE90CD12CD34,"33,146Kr","41,755Kr"
"Dotson, Kane O.",1963,64120,Ap #359-5484 Dui Ave,leo.Vivamus.nibh@nonbibendumsed.ca,CFA9DCB9-9EE6-EE39-8BCC-CF774053EBDA,"28,759Kr","04,312Kr"
"Crosby, Moana Q.",1928,91881,"P.O. Box 563, 3855 Morbi Av.",molestie.Sed@gravida.edu,1C76DC9B-8664-FAD3-9016-2632E9B2B03D,"84,917Kr","09,362Kr"
"Rocha, Ori Y.",1946,73027,215-4109 Adipiscing. St.,blandit.enim.consequat@atvelit.com,E87D22FD-23BF-DE95-BF5E-AA1FC8EF044F,"14,196Kr","31,099Kr"
"Suarez, Nadine S.",1985,78094,"696-1923 Mauris, Av.",facilisis@purussapien.com,313F92EA-6293-E63C-20E2-7EFE92F3BF7E,"17,729Kr","73,909Kr"
"Ware, Tana C.",1981,83299,749-7241 Proin Avenue,arcu.Vestibulum@faucibusid.com,8912C157-1C53-73E4-0490-41F9DA184BCD,"68,214Kr","17,790Kr"
"Petersen, Regina T.",1994,25009,"P.O. Box 296, 8011 Adipiscing. Rd.",et@utpellentesque.net,7365E7E2-3AF8-8E98-3293-1EB3186AEA66,"74,171Kr","56,621Kr"
"Wood, Samuel G.",1926,59429,6492 Rutrum Av.,a@adipiscingfringillaporttitor.com,DDF1F889-62FD-0C8C-02B8-6A93838807DE,"66,502Kr","55,400Kr"
"Underwood, Kiara E.",1933,48768,Ap #252-5267 At Ave,Donec.sollicitudin@in.net,ECE7F70F-EDE3-AE60-53C0-06B9944E87A7,"99,117Kr","49,104Kr"
"Peters, Lance V.",1994,91870,5164 Interdum Road,ridiculus.mus@duinecurna.org,CA1635A2-E2C5-5448-43B2-FC45CCC18F74,"86,520Kr","15,311Kr"
"Carpenter, Maggie Z.",1990,39857,"P.O. Box 540, 4273 Eu, Av.",Donec@egestas.ca,FBFB8BD0-B455-D13C-72A0-EDEE54307BA6,"65,756Kr","98,887Kr"
"Heath, Paloma P.",1934,90023,671-9568 Vel St.,mi.fringilla.mi@vulputatelacus.net,7D9D2CD9-880F-22E7-2F96-508CA8B71A29,"56,061Kr","68,000Kr"
"Alston, Jonas X.",1952,21072,"924-3944 Purus, Avenue",cursus.purus@Morbiaccumsanlaoreet.com,07FAFA21-44AC-0158-5891-C9F185955785,"45,885Kr","02,901Kr"
"Patrick, Jessica H.",1913,10446,Ap #608-9897 Turpis. Road,fringilla@Maurisblandit.co.uk,32FB891D-1A30-23F4-5FBC-AE367379CA7F,"06,076Kr","78,732Kr"
"Duffy, Hoyt D.",1907,81143,Ap #282-8532 Mollis. Rd.,a.aliquet.vel@orciUt.net,7E3F1A8E-40E1-8969-68CD-E0673466D134,"37,300Kr","23,750Kr"
"Fernandez, Daquan W.",1908,80388,868-9709 In Road,varius.Nam.porttitor@lobortisnisinibh.com,C1B05263-4974-0C61-8676-5FCCDBA38674,"18,729Kr","54,842Kr"
"Bonner, Victoria H.",1938,60625,438-4237 Integer Street,elit.fermentum.risus@sapienmolestieorci.edu,E0FBC9E4-F697-AD50-86BD-FA24092D77F5,"00,972Kr","18,832Kr"
"Nunez, Hillary H.",1953,06542,"P.O. Box 435, 1304 Pede St.",eu.placerat@ametorciUt.net,8A09326B-9611-526E-2079-37A5DCFA9761,"86,826Kr","74,832Kr"
"Meyers, Ariel M.",1955,19250,"P.O. Box 769, 8006 Ipsum. Av.",consectetuer.adipiscing@Curabitur.edu,B859453E-CA0D-0B29-C1D5-2235E0BA49B0,"51,795Kr","70,133Kr"
"Hewitt, Rachel P.",1938,83143,"P.O. Box 260, 1530 Metus Rd.",sit.amet.massa@urnasuscipitnonummy.org,16DF78AB-25B4-65CC-32FB-804926875BF7,"43,083Kr","35,258Kr"
"Robertson, Felicia F.",1928,03430,527-5682 Tincidunt Ave,in.lobortis@auctorquis.edu,89BB0435-F2D2-E3C3-41AA-2579D0378991,"29,741Kr","31,121Kr"
"Bernard, Dara U.",1954,95514,Ap #514-2564 Aliquet St.,nunc.sed.libero@lobortistellusjusto.net,40410789-11A4-6770-6188-7482BC14BAFF,"42,939Kr","86,115Kr"
"Nieves, Drake H.",1969,63770,592-1875 Morbi St.,pretium.aliquet.metus@augueutlacus.edu,FF3BC4F7-FF7A-387E-2CBD-DC04532FF80F,"15,171Kr","14,467Kr"
"Orr, Brenna C.",1954,67562,Ap #682-7483 Aliquam Av.,Sed.auctor.odio@dignissimpharetra.com,4C99FB8E-49DD-D816-3EFC-12ADC5A4D681,"20,842Kr","67,198Kr"
"Frye, Ryan A.",1981,20188,157-1353 Mauris. Ave,Nunc.sollicitudin@Mauris.edu,30D06844-ED50-F02D-42F1-1EC7FF1F08F4,"57,780Kr","25,401Kr"
"Boyle, Tanisha E.",1933,62246,Ap #522-3076 Duis Rd.,dis@enim.net,3F33E42E-D127-F874-2C89-6D12563FA5BE,"58,161Kr","68,073Kr"
"Stevens, Miranda R.",1919,21032,9700 Sed Street,ac.mattis@enimSuspendissealiquet.ca,20A55085-AD09-2EA5-1E72-4CA999275508,"35,810Kr","49,312Kr"
"Buckner, Jonah C.",1967,49329,6139 Fusce Rd.,libero.Proin.mi@pharetranibh.edu,C0C59681-CD24-2D2D-89CE-DCD59729F6BC,"99,795Kr","67,214Kr"
"Schroeder, Bryar U.",1985,62643,"P.O. Box 205, 4386 Feugiat Rd.",ultrices.Vivamus.rhoncus@Donec.ca,F8E90030-6ECE-6E04-83FF-9E9D009B4343,"05,997Kr","64,171Kr"
"Case, Jenna H.",1913,07595,551-6078 Sagittis Street,cubilia.Curae.Donec@interdumNunc.org,68269B2D-F60B-8E7A-E44D-DB243B3F425B,"97,725Kr","26,811Kr"
"Barr, Daniel S.",1919,21161,"P.O. Box 420, 8912 Eros. St.",tellus.Phasellus.elit@a.org,EEB1AE1F-16AC-ED01-123C-51067E51028E,"28,744Kr","67,306Kr"
"Keller, Gray O.",1915,16253,"P.O. Box 150, 5218 Sed Road",urna@Crasconvallisconvallis.ca,D0F5E56F-7EE8-2E35-0E99-3905A88D4962,"14,417Kr","15,471Kr"
"Bruce, William U.",1965,85183,"874-3461 Quis, St.",blandit.congue@ametconsectetueradipiscing.co.uk,70419DFE-6510-B896-7184-724C0A3C82B0,"08,746Kr","14,026Kr"
"Cruz, Amery L.",1974,06147,813-5210 Sed St.,risus.a.ultricies@lobortis.org,3523F5F8-8B8B-AA86-B391-FD349B08C1DF,"96,031Kr","74,031Kr"
"Joyner, Ira Y.",1939,29994,"P.O. Box 319, 9763 Orci, Rd.",tempus.scelerisque.lorem@lectuspede.org,61B0DC89-E695-7CCD-0BDE-3875C7130FB7,"46,074Kr","04,357Kr"
"Gilliam, Katell J.",1923,05141,3182 Natoque Av.,fermentum.vel.mauris@hendrerit.co.uk,4159DCA1-DAC4-C3CB-7C49-362157D4862C,"30,147Kr","15,380Kr"
"Ross, Iola A.",1929,04172,228-2183 Est. Rd.,ornare.tortor.at@Nuncmauris.edu,EB33208A-7B7F-3C58-CDA8-10093381B139,"86,210Kr","06,542Kr"
"Chapman, Caryn M.",1947,36901,2965 Nunc Street,ac.nulla.In@massa.com,374CA74C-26FC-3683-EDEE-E0D2F1EA35E6,"07,723Kr","72,831Kr"
"Morales, Ayanna M.",1962,42882,Ap #215-3219 Rutrum St.,libero.dui@tempus.co.uk,44036FE9-4D01-F39A-AD77-009B2E522C06,"04,001Kr","95,721Kr"
"Taylor, Tatiana I.",1902,51331,979-9803 Semper Road,a.mi.fringilla@sagittislobortis.co.uk,709AFEC1-BD7C-E14F-A640-8A5DA5D7C544,"30,519Kr","22,351Kr"
"Reynolds, Travis Q.",1977,64558,5904 Ultrices Rd.,eget.magna@pretiumnequeMorbi.net,86050637-28C7-FB54-70A0-98508E73E3D6,"04,601Kr","49,398Kr"
"Webster, Maris I.",1929,91458,Ap #354-7436 Non Rd.,enim@orciDonec.co.uk,F6F756A3-A893-75DC-5F4E-D356717C89B7,"07,592Kr","71,604Kr"
"Acevedo, Jonah K.",1907,65711,"824-4303 Nunc, Rd.",ipsum.Suspendisse.sagittis@IncondimentumDonec.ca,E106283A-1E21-816A-BF5E-15991F6EA279,"11,284Kr","39,303Kr"
"Workman, Felix Z.",1995,20012,647-3391 In Ave,cursus@adipiscingfringillaporttitor.ca,08327A02-D7C0-FC7F-F812-B4D0D206DF1D,"97,080Kr","43,919Kr"
"Olson, Deborah U.",1994,91849,Ap #368-4234 Fringilla Rd.,mauris.a.nunc@aliquamiaculis.ca,BA89D90A-8180-68F6-8130-017B5D7254B1,"62,682Kr","39,758Kr"
"Wooten, Jonas R.",1978,74389,Ap #398-6515 Diam. Street,luctus@sedorcilobortis.org,E7345B7B-F3CF-77B4-3290-2F3B5EBCCC4B,"01,160Kr","85,886Kr"
"Duke, Chadwick H.",1917,43161,Ap #848-3702 Cras St.,urna.et.arcu@Donecelementumlorem.com,F1E4FA0B-646B-C66F-EC28-E4A81061F34F,"67,777Kr","89,720Kr"
"Monroe, Althea D.",1978,30264,"3777 In, Road",lacinia.Sed@justo.com,0CE9EFFF-E24E-772C-47C8-13871EED0610,"93,415Kr","69,175Kr"
"Nguyen, Dante E.",1994,51974,9758 Sem. Street,consequat.purus.Maecenas@idnunc.net,8F3001ED-15F2-9FCB-F6DE-24B62A65220A,"39,555Kr","44,933Kr"
"Serrano, Kyla S.",1932,50499,3880 Lectus. Rd.,Integer@sedorcilobortis.co.uk,E58573BC-5ED0-01B3-643D-237A3DD29EF8,"07,146Kr","14,998Kr"
"Castro, Kalia P.",1977,55143,"904-6452 Pede, Rd.",non.enim.Mauris@magnaatortor.com,12F4FD68-C61F-FEBC-73FE-825F0FD3D88E,"27,648Kr","92,640Kr"
"Bernard, Hunter E.",1933,51192,"P.O. Box 795, 6940 Nam Avenue",leo.Morbi@apurus.ca,CC8DC509-D987-1A16-3382-79196C2579E3,"68,875Kr","44,148Kr"
"Foley, Justin L.",1971,17562,1124 Elementum Ave,cursus@neque.com,C575B371-A1FE-76FA-216B-CAC89DAB261F,"27,867Kr","93,095Kr"
"Woods, Ayanna D.",1971,75484,3142 Ridiculus Road,Fusce@velarcu.net,218AB556-8B78-60CD-B962-7E7DCCED3595,"67,010Kr","53,739Kr"
"Morrison, Rhoda I.",1943,35000,"P.O. Box 400, 3398 Nisl. Rd.",nec.ante.Maecenas@euismodindolor.org,97454237-7CDE-DD04-2A52-BDAC2F91A984,"22,199Kr","22,896Kr"
"Mercado, Cailin C.",1992,88456,499-7509 Feugiat Road,a.neque@mauris.net,E6815130-AB4B-8E17-CEE5-85C0C89DA598,"81,382Kr","16,517Kr"
"Franks, Shad M.",1925,80953,780-5288 Donec St.,Suspendisse@estvitae.com,C438DC67-2FFE-29F6-615F-70FCC8E6F5AC,"89,165Kr","15,551Kr"
"Harris, Fatima D.",1962,69869,Ap #738-2167 Ipsum Av.,mollis.dui.in@miac.com,9E157FC6-563F-486E-35CE-47BD3EDF7C30,"91,101Kr","82,745Kr"
"Dominguez, Reese E.",1926,15667,997-8329 Mauris Avenue,auctor.quis@disparturient.net,1084E535-176C-CCE1-F7A9-338735E9E34F,"91,261Kr","26,828Kr"
"Rocha, Phyllis T.",1912,45299,8880 Laoreet Ave,congue.In.scelerisque@fringillaeuismod.org,8CDF03E9-21E1-6B58-DD10-C009CE684FEC,"16,676Kr","92,046Kr"
"Blevins, Lane K.",1991,63072,5632 Semper St.,Nulla.semper.tellus@elita.net,3EDCBC33-022D-EE99-D4FE-13142AFE1DB4,"10,265Kr","20,173Kr"
"Waller, Castor H.",1933,26347,Ap #864-9307 Faucibus Street,enim.Suspendisse@arcuCurabiturut.com,19843825-5E90-7B7C-F136-E6C84A0697AA,"74,122Kr","46,476Kr"
"Sloan, Dexter J.",1965,16092,5230 Senectus Rd.,quis@magnased.org,7E202D19-6941-A60F-1192-1D39CBDB542D,"16,373Kr","17,089Kr"
"Browning, Briar P.",1908,99452,Ap #630-1233 Hendrerit. St.,neque.Morbi.quis@massaVestibulumaccumsan.net,8165D312-83FB-7D18-C104-597F39CE4ABC,"08,945Kr","93,530Kr"
"Abbott, Nayda J.",1934,17837,Ap #769-3643 Consectetuer Av.,a@auguemalesuada.edu,F0229E1D-9D96-FBF4-EB34-7D1F9636DC8D,"51,357Kr","46,643Kr"
"Carson, Chelsea V.",1958,02298,Ap #624-1592 Magna. Av.,eget.ipsum@ultricesposuere.net,2CBB3F21-CBE8-6EF0-F23E-FCB96E0B3C76,"44,333Kr","17,070Kr"
"Tyler, Gail B.",1914,38907,Ap #459-4217 Quis Road,eget.nisi@felispurus.ca,731D1285-E0B8-3E55-2333-FB99103AAB31,"18,994Kr","32,585Kr"
"Decker, Acton L.",1947,43441,2457 Ut Rd.,est@loremlorem.org,6FF01F4B-90FB-F490-C063-8812852BC603,"32,142Kr","51,106Kr"
"Hale, Fredericka J.",1993,41551,880-5085 Mauris Rd.,at@risusMorbimetus.org,779FDBA9-2BC8-B0FB-8140-388960B5F1C6,"56,230Kr","91,428Kr"
"Reyes, Quemby E.",1906,09278,6618 Turpis. Rd.,malesuada@Utsagittislobortis.org,F0F87F4C-E685-FDB5-EC52-82D0F8354BC3,"54,570Kr","22,697Kr"
"Salas, Maryam H.",1971,09644,742-6928 Ut Road,vitae@semper.co.uk,2401C370-E44A-00DC-1C77-37D938DA84AB,"86,676Kr","69,960Kr"
"Holt, Akeem C.",1983,23756,Ap #327-4186 Consequat Rd.,sollicitudin.a.malesuada@diameudolor.com,51D9AB33-FEE7-8BC6-0139-BA26E91E752D,"55,370Kr","15,081Kr"
"Hicks, Slade G.",1968,63652,8699 Magna. St.,Integer.sem@semperpretiumneque.ca,B5B13532-C85A-0512-0C7B-5BD7ABF9AA25,"12,680Kr","99,887Kr"
"Knight, Ann A.",1917,63916,"P.O. Box 774, 3430 Magnis St.",gravida@ligulatortordictum.co.uk,895244CF-EE4E-CB2F-58F8-39B4505DD1B5,"91,764Kr","82,806Kr"
"Carpenter, Eden A.",1930,29222,"3641 Ut, St.",Morbi.vehicula.Pellentesque@Aliquamtinciduntnunc.net,2876D8CB-5E7B-9839-D891-BC4BBAB08ACB,"24,518Kr","64,209Kr"
"James, Conan F.",1977,97182,Ap #188-552 A Road,in.lobortis@Morbiquis.com,6002AC23-6FE8-4181-F44C-723334DDE824,"91,627Kr","58,417Kr"
"Vance, Roary D.",1978,32471,"4752 Vel, Road",felis.purus.ac@sodalesatvelit.com,B2798762-48BD-54D3-1279-D9339A119754,"99,121Kr","75,866Kr"
"Salas, Summer Z.",1928,33580,315-3992 Proin St.,feugiat.placerat@Curabitursedtortor.com,7370E827-07C9-4BB9-002E-1917C7D25D6C,"44,657Kr","33,270Kr"
"Dalton, Sigourney Z.",1942,94442,7925 Orci Ave,Cras@nonluctussit.co.uk,F006D840-D169-3462-B5A2-BE36E0BED2DD,"33,794Kr","15,500Kr"
"Duran, Todd P.",1934,49154,Ap #247-9781 Lorem Av.,mattis.semper@venenatisvel.com,8DA6E55C-839B-0CA6-4A9E-15AC8A304D3D,"63,292Kr","30,286Kr"
"Gallegos, Patience A.",1927,63889,"2143 Montes, Av.",Fusce@erosProinultrices.co.uk,F39BC3FC-8C05-8E91-3370-078E3C23A029,"27,922Kr","61,574Kr"
"Donaldson, Rowan E.",1994,27508,Ap #519-7254 Sed Rd.,a.tortor.Nunc@dolor.net,A89D4C1F-C381-FD1F-2D73-A5C6C857B536,"76,998Kr","15,947Kr"
"Collins, Phillip U.",1956,31356,"598-5523 Aliquam, Rd.",sed.est@In.edu,6A822DAE-3E41-B844-E6B7-0208B922AF30,"81,887Kr","43,660Kr"
"Robbins, Ciaran W.",1959,87870,Ap #245-7801 Luctus Rd.,Nullam.enim@Maecenasmi.ca,AF159383-3C3D-8692-45F0-5D8E0458C416,"79,769Kr","37,462Kr"
"Bender, Tatyana L.",1941,20602,Ap #179-7179 Nisi Rd.,Integer.in.magna@anteMaecenasmi.net,86A8B017-53EA-6A7D-F870-CF960557F438,"93,800Kr","15,145Kr"
"Glenn, Florence J.",1991,19337,491-6667 Leo. Av.,nec.leo@enim.net,10325895-DDD8-BEFB-1DF7-AE415E851F13,"43,456Kr","89,346Kr"
"Coffey, Richard H.",1983,96675,256-2260 Mauris Rd.,eu.erat@tellus.net,23C825D4-4F75-5CA2-C5D8-E11544D48DFA,"48,723Kr","78,086Kr"
"Combs, Ignatius O.",1913,05400,4400 Nec Road,pretium.et@SuspendisseeleifendCras.edu,B830C8E1-0B1B-DDE1-0FA7-FA357AE17432,"34,089Kr","41,410Kr"
"Howard, Kirestin F.",1991,06987,Ap #644-8108 Pretium Ave,mauris.blandit@accumsansed.ca,24EAFCB6-0E9D-5C64-D04B-BF6593E2AFAD,"42,824Kr","68,622Kr"
"Berg, Austin I.",1930,16301,"6171 Ut, Road",mauris.a@Integervulputate.ca,6DEB61A8-C939-DC01-12B7-3EA9D42AE125,"19,174Kr","92,153Kr"
"Chandler, Mira Q.",1917,79931,5864 Dapibus St.,a@porttitorvulputateposuere.org,FD28A6B5-5C8B-B9C0-C7FB-C14F0D20A189,"36,957Kr","14,225Kr"
"Dennis, Devin Z.",1909,89465,"P.O. Box 950, 4772 Odio. Road",in.magna.Phasellus@tristiqueneque.com,8F29C597-7206-D30E-106C-883A8B9E231A,"07,950Kr","84,645Kr"
"Stark, Autumn U.",1956,84094,"Ap #503-7265 Elit, Av.",lectus.convallis.est@imperdiet.co.uk,ACA2731A-6349-7881-6F15-6821FEE7076B,"71,613Kr","76,930Kr"
"Bailey, Wesley Z.",1928,94727,"P.O. Box 878, 7853 Feugiat Ave",eget.varius@elementumpurusaccumsan.com,625613D1-B4CF-5ABA-A25D-DA8185B53B9A,"35,986Kr","02,799Kr"
"Pena, Basia U.",1916,80818,616-1446 Eget Rd.,luctus@ullamcorpereu.ca,27BBC610-2BA0-AA0D-81AA-E826148CD76F,"83,786Kr","04,911Kr"
"Walters, Moses V.",1948,88654,"P.O. Box 725, 9863 Mus. St.",aliquet.odio.Etiam@nullaIntegerurna.net,2814DA0A-27A2-86F0-3CBB-36D51D0D868A,"63,310Kr","87,893Kr"
"Booth, Hunter G.",1933,05541,Ap #646-874 Viverra. St.,quis.tristique.ac@apurusDuis.ca,25F4201A-7A56-544B-4C3C-FEC87D4DAC7D,"50,001Kr","20,822Kr"
"York, Arthur J.",1941,29882,"Ap #619-9615 A, Street",Maecenas.iaculis.aliquet@metus.org,17E9426F-FEC0-4D4B-129F-7E3072ED5936,"69,105Kr","21,197Kr"
"Marsh, Octavius A.",1923,43130,4839 Neque. Rd.,arcu.et@nibhdolor.edu,1D325613-BB62-B721-B96E-E72879D74C86,"07,100Kr","52,996Kr"
"Williams, Branden O.",1910,62836,"P.O. Box 286, 1570 Metus St.",Quisque.imperdiet.erat@feugiatSed.net,0E3781FC-D728-2B84-6C2C-62D86F5282E8,"01,434Kr","02,475Kr"
"Lowe, Inga O.",1917,93035,175-8267 Cras Rd.,quam.Pellentesque.habitant@massaMaurisvestibulum.com,24C842BC-4944-B4DE-22E8-B71F9E96E0A0,"05,963Kr","65,161Kr"
"Gaines, Maggy X.",1954,23886,"9859 Mauris, Rd.",turpis.egestas@Maecenas.ca,DDBC7A6D-8789-CF25-85B5-358C3734A9E8,"25,500Kr","82,332Kr"
"Beard, Ivana E.",1927,77822,"593-3861 A, St.",Aliquam.tincidunt.nunc@cursus.edu,6AE922DC-BB53-5A1A-6E79-2EA670361587,"38,120Kr","75,531Kr"
"Frazier, Serena H.",1955,99362,6365 Magnis St.,enim.condimentum.eget@odioPhasellus.co.uk,B191995F-AA72-BF3D-81DD-B15C0F758943,"50,001Kr","00,586Kr"
"Howe, Danielle P.",1940,62037,Ap #478-8582 Primis St.,sociis@atlacusQuisque.com,C50D572D-170C-450B-F4C4-005A72DFDD3A,"59,907Kr","87,850Kr"
"Pratt, Jesse Q.",1967,64705,6164 Eget Road,vel@loremutaliquam.com,ED794A63-8472-8B92-6392-41B9F5AD37F2,"76,385Kr","37,555Kr"
"Aguirre, Xantha Z.",1913,18643,"P.O. Box 447, 1619 Elit St.",dictum.magna@tinciduntduiaugue.co.uk,D57CB19E-991F-1D93-07D7-DA7D0A5A6F83,"01,341Kr","92,000Kr"
"Hall, Kieran F.",1907,69629,2226 Consectetuer Street,mi.eleifend@NulladignissimMaecenas.com,70C517AB-D941-E31E-4ACF-EC929DA781B0,"26,489Kr","60,261Kr"
"Wooten, Chiquita I.",1900,09862,990-4928 At Rd.,nec.quam.Curabitur@urna.ca,15BB262A-7EA9-70D7-1C4C-F3663E2E2D74,"06,330Kr","49,079Kr"
"Meyers, Hector Q.",1959,10106,5486 Vestibulum Rd.,adipiscing.enim.mi@Morbi.net,481BBFD9-2B06-E464-E94F-AFB2B419964E,"40,858Kr","21,941Kr"
"Henson, Beck E.",1935,42522,Ap #430-3982 Suspendisse St.,fringilla.porttitor@massaSuspendisse.ca,A2B56DFF-34D2-A7C0-FF93-485DEB3D6A60,"00,226Kr","12,827Kr"
"Johns, Lydia X.",1988,31160,Ap #138-4217 Nunc Road,erat.semper@congueInscelerisque.com,8126D634-094D-BB0A-12CC-312B19328F71,"82,804Kr","81,940Kr"
"Gamble, Tarik F.",1900,71034,"P.O. Box 892, 6941 Commodo St.",elementum@orcilobortis.com,83FAC2C5-2463-DD2E-94EE-CCFEAA3B23FA,"30,007Kr","64,644Kr"
"Patton, Tatum I.",1907,15239,"6190 Scelerisque, Street",Maecenas@sapienNuncpulvinar.com,AD498EC3-103B-711B-2336-92ECF7E56FA1,"01,858Kr","96,712Kr"
"Perry, Hu B.",1979,55957,7269 Magna. St.,erat.semper.rutrum@sedhendrerita.org,71541D36-3305-0E05-C8FA-1B5290EAFD16,"58,898Kr","78,837Kr"
"Montgomery, Travis Y.",1922,94414,856-5434 A St.,Sed@ornareelit.ca,31AD2971-6986-F473-3DB5-578B50DB8A3C,"22,501Kr","99,641Kr"
"Zamora, Violet P.",1945,10976,7455 Eros Ave,magna.a.neque@convalliserat.org,F1FA7F82-8365-05FF-C10B-CA088C695005,"84,286Kr","56,394Kr"
"Frost, Fiona C.",1990,57471,Ap #825-7308 Tellus Ave,in@Quisquepurussapien.net,603ECA72-B77D-6775-04DC-7A8F74460416,"70,584Kr","69,655Kr"
"Sparks, Samuel A.",1993,72627,"P.O. Box 132, 661 Augue Ave",Aliquam@nonummyacfeugiat.net,97A1BE7B-3928-E79D-4C88-813A24D63C2C,"27,260Kr","95,147Kr"
"Cardenas, Eric F.",1973,37989,139-6418 Sodales Ave,senectus.et.netus@non.org,4706CEDF-B0CF-DAF9-FC8D-B09114CE7F4B,"90,349Kr","27,576Kr"
"Shaw, Raven R.",1918,91899,Ap #886-4272 Facilisis. Av.,lacinia.at@vitaeeratVivamus.com,0F6133FA-2469-88DC-80A8-F8586C10C75C,"99,744Kr","83,257Kr"
"Hebert, Zenaida W.",1993,83107,643-3981 Tristique Rd.,tellus.Phasellus.elit@orci.ca,8C2F83F5-A511-2EC1-B24D-E0749D23E8D7,"11,020Kr","49,156Kr"
"Cohen, Nora T.",1920,31872,"P.O. Box 792, 9762 Dolor. Av.",ac.mattis.ornare@venenatis.co.uk,331D141F-CF71-FDF2-330F-70DACDAB0694,"10,988Kr","06,295Kr"
"Bush, Ramona M.",1993,37722,"P.O. Box 904, 4259 Sit Street",arcu@Quisqueporttitor.ca,8235FD00-4A5E-58A5-D622-A06BEC00458C,"87,309Kr","05,341Kr"
"Norris, Lacota T.",1961,15888,542-5618 Eu St.,tincidunt@interdumSedauctor.ca,BD4AA4AE-92B1-FD99-018E-0517DACB5340,"29,697Kr","88,598Kr"
"Knight, Rhona Q.",1982,36443,255-778 Cursus Rd.,arcu@Nullainterdum.com,E4CBE974-CB5E-4F92-44AC-A34F653BE60C,"72,358Kr","70,611Kr"
"Ferrell, Karen L.",1935,99162,"P.O. Box 720, 1791 Egestas. St.",nec.imperdiet@liberonecligula.ca,0997ED2D-42AF-F2A5-198C-C9C04F94CEED,"16,196Kr","21,261Kr"
"Small, Zeus A.",1934,42669,"P.O. Box 337, 9099 Tellus. Rd.",porta@Suspendissedui.ca,0BA4B487-375B-F925-07FA-6937D19A8958,"65,478Kr","39,758Kr"
"Yates, Jada J.",1925,35488,"411-1575 A, Av.",mauris.a@consequat.com,B5A87430-D892-863C-DB4A-867FCA79B9C7,"81,788Kr","72,852Kr"
"Gallegos, Murphy Q.",1970,23579,977-1238 Donec Street,Vivamus@nequenon.com,C549FB2B-5F24-62A2-60B2-F8757982F56B,"28,001Kr","18,526Kr"
"Nunez, Adria W.",1939,43745,Ap #663-9831 Elit. Av.,parturient@Aliquamadipiscinglobortis.ca,3AFB37E2-D5E8-0427-B822-020BCFC7BF0F,"61,573Kr","20,172Kr"
"Contreras, Addison L.",1946,50390,987-3948 Ut Avenue,Cum.sociis.natoque@aaliquet.ca,B24821FE-00DB-0898-1AD0-AAFE96E2F1BA,"17,602Kr","07,191Kr"
"Reilly, Ima Y.",1908,13112,4511 Nullam St.,volutpat.nunc.sit@nunc.co.uk,C2EAC49F-3AAE-FA16-C3CE-6FCAB3695E81,"90,067Kr","22,105Kr"
"Carpenter, Serena O.",1967,38905,"P.O. Box 915, 4230 Vulputate St.",enim.Mauris.quis@vulputate.ca,3A3FD982-814A-8093-5726-FF63DD200093,"79,011Kr","37,810Kr"
"Mccoy, Hedley K.",1943,77079,2482 Sed Street,urna.Nullam@Suspendissetristiqueneque.net,B92E7F17-0213-DE56-6126-D10214A7F53A,"66,077Kr","04,456Kr"
"Wallace, Zia G.",1937,68479,9954 Malesuada Rd.,mi@vitae.net,E4C150CD-010B-0756-DF43-C4D63D78E93D,"29,795Kr","01,745Kr"
"Roach, Deirdre F.",1904,60071,Ap #234-1916 Tellus Ave,sagittis.semper@Aeneaneget.co.uk,C85F6C85-5C23-C17C-C8E8-AB53E8A0F4EC,"47,076Kr","17,453Kr"
"Allison, Odette J.",1901,35306,1058 Dui Av.,et.magna@dapibusrutrum.edu,44782F33-F82B-5688-6D0C-EB6B88512E47,"22,714Kr","96,536Kr"
"Bush, Eleanor W.",1966,25676,"P.O. Box 918, 5626 Fringilla St.",orci.luctus@necmollis.ca,5A5E2AF5-84CB-FC1A-F95B-4BB594C5E0F3,"86,801Kr","41,096Kr"
"Rush, Zenia P.",1991,11539,Ap #378-481 Mollis. Road,mattis.ornare.lectus@utodio.com,128B7506-60A1-4CE4-E1C4-0FAC4A830F71,"74,310Kr","67,478Kr"
"Walls, Wang P.",1931,89786,"733-4274 Eget, St.",mi@enim.co.uk,2297D2BD-12F3-2CC7-9C37-6FACB1174957,"78,365Kr","94,643Kr"
"Holloway, Hannah K.",1907,64184,"P.O. Box 238, 5003 At, Avenue",diam.nunc.ullamcorper@Nunclectuspede.org,BF2604D4-D3B9-2A33-5A52-1B24DA1D5630,"52,082Kr","62,927Kr"
"Manning, Tanner B.",1960,26444,"P.O. Box 353, 8584 Nisi. Rd.",ante.Maecenas@metus.edu,EC4C759D-CCE2-358D-9341-A6CBA939DC9C,"59,852Kr","84,867Kr"
"Bowers, Jameson D.",1925,18097,"P.O. Box 731, 119 Vulputate St.",Nunc.ac.sem@erat.ca,B94538F0-59CE-75FC-8EC8-AFBCAB79052B,"94,396Kr","56,900Kr"
"Buck, Jessamine H.",1992,01269,"272-9010 Ut, St.",magna.a.neque@variusorciin.net,A285DFED-5094-8A67-B9C6-9F8F26E324FC,"8,566Kr","24,918Kr"
"Wyatt, Ashely Z.",1945,01807,550-966 Interdum Rd.,est@dolorFuscemi.net,D0A07839-D364-B892-8CF9-713D94FA276F,"30,623Kr","33,684Kr"
"Davenport, Nicole F.",1959,26449,"455-3474 Dui, St.",ipsum@Crasdolor.ca,6D7F27A4-F147-247C-803F-00286799D333,"87,016Kr","70,315Kr"
"Erickson, Alyssa F.",1916,95197,"P.O. Box 143, 8893 Praesent St.",a.dui@Donec.edu,2BB93430-8639-17C4-5465-1F7205C2755A,"01,385Kr","56,734Kr"
"Terrell, Lucian N.",1932,42884,2203 Sed Avenue,hymenaeos@parturientmontes.ca,9A1BB67E-ED38-D3D1-9446-2CD2A16F9182,"82,730Kr","17,350Kr"
"Whitfield, Isaiah S.",1902,33925,3126 Amet St.,Nulla@orciadipiscing.co.uk,C3BEDC5D-5758-3F6B-FC1E-FB608B3E4AB0,"10,731Kr","75,053Kr"
"Coffey, Nelle C.",1920,35578,4656 Tristique Avenue,sagittis.augue.eu@tellus.net,3724FD7E-12A2-F12B-563E-21F2F6CDA99E,"92,657Kr","99,542Kr"
"Francis, Lillith C.",1950,69686,9296 Mi Ave,iaculis.odio@orciconsectetuer.co.uk,8DEAC579-F02E-2E03-6B30-8DD4ACCB27AA,"15,290Kr","05,914Kr"
"Langley, Athena H.",1989,77989,8533 Mollis Avenue,lorem@egetmassa.com,1416ED39-FB49-0EE2-DBDB-8C8796BCF1F1,"49,304Kr","03,974Kr"
"Puckett, Clare F.",1987,79841,"P.O. Box 481, 5734 Suspendisse Road",Aliquam.vulputate.ullamcorper@lectusCum.ca,332C9D89-E8A4-9298-E765-BECC55B6C61F,"54,025Kr","56,905Kr"
"Turner, Kieran X.",1902,27974,Ap #871-9017 Conubia Road,Aliquam.rutrum@massa.edu,2BD818ED-F0D9-39C3-D93A-070A5E3A32B6,"02,177Kr","35,485Kr"
"Stuart, Dalton J.",1910,87085,"P.O. Box 490, 3035 Penatibus St.",arcu@Aeneaneget.edu,FAB49FED-1A3F-22E4-FA5D-40E67377A189,"87,279Kr","46,121Kr"
"Pate, Jaime X.",1919,81344,Ap #276-9176 Nec Rd.,Aliquam.fringilla@Morbi.edu,438B6F21-1BBD-E932-667D-DC75F6ECA3EF,"65,573Kr","21,085Kr"
"Fuentes, Shannon B.",1942,80557,623-6409 Sed Rd.,feugiat.Lorem.ipsum@lorem.net,D22D90A3-483C-0EA7-DBF6-75EDE8AEA5B8,"48,694Kr","37,056Kr"
"Pacheco, Shaine D.",1985,92145,643-9339 Dictum Rd.,auctor@dignissimmagnaa.net,39A1240C-9B41-8A26-9690-F88627A65539,"65,184Kr","61,091Kr"
"Gilliam, Walter O.",1912,69732,9784 Pede Avenue,ut.odio@feugiatnon.org,570C9870-ED37-C13E-3EDF-41D3FC8638E9,"49,543Kr","36,879Kr"
"Tanner, Odette P.",1946,76368,799 Risus Road,at@sagittisDuisgravida.edu,33F63CF9-F788-77E0-EAA5-473A64F932C7,"53,846Kr","16,313Kr"
"Davenport, Azalia S.",1946,82437,"P.O. Box 872, 8586 Nec, Av.",molestie@semperegestas.net,F976D7F1-AC80-77AF-5E6A-968C35DCD49D,"61,983Kr","05,311Kr"
"Lee, Buffy D.",1955,28293,9689 Amet Rd.,ullamcorper.magna@eusemPellentesque.net,73537B13-85D6-3E9E-7DBB-C104EFA0D7D4,"19,727Kr","31,214Kr"
"Hayden, Kiayada H.",1979,63391,"P.O. Box 423, 1062 Nullam St.",eleifend.nec@NuncmaurisMorbi.co.uk,F43D4ED1-6A61-DF3A-8908-CCAD2C759B48,"33,305Kr","67,981Kr"
"Richmond, Keiko B.",1943,24898,"1938 Quis, Ave",pede.ultrices@nequevitaesemper.net,928754EA-E9F7-A7DE-F15C-02CCEE23B904,"66,566Kr","73,012Kr"
"Robinson, Amir E.",1978,67726,"P.O. Box 132, 8463 Augue Avenue",sem@tincidunt.com,5AF39264-B797-F58C-0485-EA30B11D4F19,"99,493Kr","86,324Kr"
"Gomez, Ingrid O.",1919,14960,986-4035 Lectus Rd.,lorem.luctus@mattisIntegereu.edu,90342526-53FF-4B17-E969-AD21D9917630,"11,415Kr","43,713Kr"
"Newman, Vanna B.",1972,59079,Ap #219-4788 Urna Avenue,ultrices.posuere@leoelementumsem.org,B588E296-8D7F-4C80-4810-620148AF6C61,"30,099Kr","43,442Kr"
"Harris, Mohammad J.",1906,24618,Ap #234-4905 Interdum Road,vestibulum.lorem.sit@ametconsectetuer.edu,B0208DFE-A60C-5BD6-F4F1-298DB0D6AD76,"78,774Kr","62,608Kr"
"Gaines, Denton E.",1949,32173,"P.O. Box 823, 5055 Ut, St.",enim@nonlorem.com,1B1CBE36-BBC9-62FE-8315-9079DF9E7B28,"79,723Kr","16,460Kr"
"Jarvis, Hilel G.",1915,55823,469-4957 Accumsan Rd.,metus@semperegestas.com,9DD6D654-27C9-C1BE-94CD-9471AE257991,"75,332Kr","31,839Kr"
"Stout, Brock P.",1980,75023,"413-9620 Facilisis, St.",natoque@vulputaterisusa.com,056B390B-29C9-04DD-06E5-B761D52720B2,"72,557Kr","82,043Kr"
"Barlow, Aphrodite P.",1967,93851,401-4582 Dui. Rd.,faucibus.orci@risus.org,C38A9B1B-BDD1-FBBA-A083-20C954019D86,"83,949Kr","24,829Kr"
"Leach, Stacy P.",1973,12591,"3447 Pede, Avenue",Proin.sed@loremsemper.net,83928D2A-6F2D-03DA-F0E7-011FF7A8DD46,"80,071Kr","79,516Kr"
"Pace, Carol G.",1968,62163,Ap #847-3535 Et Ave,tempor.erat@dolor.co.uk,51D587D6-42C5-04EB-F2DA-8D61AB970955,"55,861Kr","85,467Kr"
"Travis, Odysseus H.",1959,56964,Ap #257-4008 Lorem Ave,Cum.sociis.natoque@sollicitudin.co.uk,0CEB8738-18EC-B905-2A3D-177DAE8F2FD3,"10,950Kr","99,784Kr"
